number,timestamp,value
1,1613729784,193871
2,1613731081,192891
3,1613737906,193885
4,1613739644,192909
5,1613740349,191854
6,1613741544,192909
7,1613744198,191788
8,1613748552,192800
9,1613748938,193826
10,1613750336,192804
11,1613750576,193888
12,1613750937,194908
13,1613752999,195895
14,1613753566,194869
15,1613754822,195918
16,1613756359,196900
17,1613758454,195913
18,1613760226,196905
19,1613762538,195900
20,1613764070,194792
21,1613765173,195841
22,1613766395,194773
23,1613767194,195776
24,1613777986,195786
25,1613779947,194752
26,1613780100,193166
27,1613781027,194197
28,1613785092,195213
29,1613788729,196198
30,1613789193,197194
31,1613789881,198266
32,1613790551,199300
33,1613791855,198252
34,1613792126,199268
35,1613793317,200306
36,1613793501,201693
37,1613793908,202885
38,1613794049,204000
39,1613794268,202943
40,1613796726,201610
41,1613797279,202627
42,1613799281,201599
43,1613799765,200089
44,1613800298,201154
45,1613801551,202167
46,1613803056,203216
47,1613804744,202176
48,1613805041,201101
49,1613807001,200020
50,1613807950,198682
51,1613808198,199701
52,1613809027,200842
53,1613811014,199640
54,1613812676,200681
55,1613816205,199649
56,1613818033,200685
57,1613822334,199652
58,1613822695,200691
59,1613822933,201738
60,1613823630,202778
61,1613831109,201724
62,1613832649,200446
63,1613832973,199289
64,1613833078,198220
65,1613833132,199491
66,1613833833,200599
67,1613834167,199500
68,1613834320,198400
69,1613834661,197265
70,1613835273,198356
71,1613835781,197049
72,1613836473,198143
73,1613837662,199229
74,1613839236,200282
75,1613841282,201488
76,1613842199,200416
77,1613843673,199368
78,1613848659,198307
79,1613851701,197141
80,1613852968,198257
81,1613853443,199357
82,1613853808,198203
83,1613855424,197150
84,1613855489,196982
85,1613856008,195825
86,1613856829,196812
87,1613857847,197812
88,1613858352,196782
89,1613858426,195568
90,1613858600,194364
91,1613858691,195425
92,1613859355,194343
93,1613859533,193346
94,1613859717,194370
95,1613859736,193045
96,1613859921,194101
97,1613860205,193056
98,1613860392,192054
99,1613860655,191055
100,1613860691,190000
101,1613860753,189000
102,1613860868,187155
103,1613860883,185190
104,1613860942,183447
105,1613860965,182005
106,1613860985,180391
107,1613861024,182423
108,1613861038,184449
109,1613861038,182487
110,1613861041,184564
111,1613861208,185779
112,1613861208,187123
113,1613861316,188233
114,1613861581,189411
115,1613861712,190504
116,1613861894,189355
117,1613862118,190407
118,1613862257,191445
119,1613862850,192430
120,1613863001,191114
121,1613863462,192394
122,1613863767,191244
123,1613864063,189700
124,1613864730,190845
125,1613865023,191890
126,1613865679,190522
127,1613865829,189453
128,1613865972,188323
129,1613866074,189850
130,1613867052,190935
131,1613867543,191895
132,1613869694,192943
133,1613870633,191936
134,1613872084,193000
135,1613872974,194026
136,1613873859,194999
137,1613874958,193973
138,1613876962,194985
139,1613877877,193987
140,1613878691,193013
141,1613882184,194049
142,1613884579,195094
143,1613884860,194039
144,1613886510,195069
145,1613888081,193979
146,1613889779,192974
147,1613890759,194000
148,1613891833,193010
149,1613892363,191569
150,1613894563,190208
151,1613894654,191344
152,1613894855,192399
153,1613895083,193397
154,1613895308,194418
155,1613895428,193170
156,1613897357,194166
157,1613900472,193115
158,1613901481,194093
159,1613902145,195143
160,1613902883,196253
161,1613904904,197301
162,1613905813,196100
163,1613906301,197082
164,1613908082,196082
165,1613911413,195080
166,1613911775,194096
167,1613913345,195100
168,1613917003,193928
169,1613917396,194944
170,1613918148,196000
171,1613921341,195003
172,1613922442,195996
173,1613923724,194879
174,1613924788,196007
175,1613925731,194884
176,1613926151,195862
177,1613930623,194845
178,1613933284,195906
179,1613934035,196934
180,1613938139,195699
181,1613939960,194694
182,1613940632,193605
183,1613940800,192569
184,1613943036,191515
185,1613943137,192539
186,1613943977,193562
187,1613944317,192372
188,1613944876,191251
189,1613944950,192275
190,1613946615,191285
191,1613947017,190300
192,1613947320,191493
193,1613948094,192495
194,1613951116,193476
195,1613952304,192507
196,1613952842,191373
197,1613955072,190407
198,1613955280,189311
199,1613955690,188156
200,1613955723,187128
201,1613955803,188676
202,1613955910,189644
203,1613956155,190657
204,1613956377,189679
205,1613956576,190648
206,1613957729,191739
207,1613959336,190753
208,1613960109,189792
209,1613960747,190801
210,1613961282,191788
211,1613961913,190828
212,1613963738,189770
213,1613964455,188806
214,1613964760,187434
215,1613965212,188408
216,1613965723,187233
217,1613966019,186208
218,1613966151,187231
219,1613966418,186198
220,1613966646,185192
221,1613966785,186316
222,1613966992,187384
223,1613967745,186418
224,1613968267,185277
225,1613968913,184338
226,1613969330,185364
227,1613969924,186383
228,1613970250,187319
229,1613971095,186220
230,1613971379,187280
231,1613972069,188297
232,1613972433,187321
233,1613973294,186312
234,1613973969,187252
235,1613974254,188192
236,1613977112,187239
237,1613978667,188241
238,1613983241,187084
239,1613984108,186101
240,1613986611,185085
241,1613987359,184101
242,1613987678,183001
243,1613987678,182051
244,1613987759,183006
245,1613987863,182065
246,1613988149,183188
247,1613988240,181990
248,1613988456,181080
249,1613988563,180098
250,1613988678,179000
251,1613988702,178045
252,1613988765,179743
253,1613989011,180868
254,1613989457,181794
255,1613989995,182772
256,1613991213,181679
257,1613991916,182709
258,1613992749,181742
259,1613993117,180821
260,1613993297,181810
261,1613993558,182801
262,1613994185,181828
263,1613994883,180869
264,1613995356,179953
265,1613995468,179001
266,1613995639,177936
267,1613995779,178999
268,1613996001,177693
269,1613996184,176472
270,1613996491,175397
271,1613996591,176572
272,1613996651,177684
273,1613997039,178809
274,1613997264,177580
275,1613997445,178492
276,1613998053,177116
277,1613998571,178039
278,1613999172,178942
279,1613999715,177985
280,1613999887,176949
281,1614000734,175910
282,1614001049,176842
283,1614001860,175790
284,1614002143,174893
285,1614002250,173686
286,1614002332,173999
287,1614002380,172960
288,1614002438,173927
289,1614002528,172884
290,1614002871,171397
291,1614002980,170002
292,1614003104,168854
293,1614003147,170633
294,1614003185,169646
295,1614003190,168430
296,1614003249,165869
297,1614003310,164964
298,1614003384,166990
299,1614003394,166057
300,1614003448,159500
301,1614003475,157018
302,1614003497,159165
303,1614003763,160242
304,1614003765,161123
305,1614003866,163053
306,1614003890,165185
307,1614003921,166230
308,1614004018,165200
309,1614004021,163779
310,1614004056,166244
311,1614004077,167272
312,1614004133,168261
313,1614004232,167001
314,1614004278,168144
315,1614004371,169266
316,1614004453,170677
317,1614004744,169436
318,1614004839,168434
319,1614004910,169467
320,1614004910,170601
321,1614005000,171648
322,1614005061,172895
323,1614005194,173871
324,1614005229,174879
325,1614005303,173913
326,1614005541,173016
327,1614005667,174141
328,1614005760,175146
329,1614005827,176113
330,1614005898,175151
331,1614006051,176411
332,1614006222,177464
333,1614006330,176531
334,1614006330,175312
335,1614006460,174402
336,1614006516,173310
337,1614006537,174624
338,1614006628,175508
339,1614006754,173988
340,1614006865,172848
341,1614006948,171411
342,1614006969,172282
343,1614006981,171145
344,1614007101,170209
345,1614007150,171118
346,1614007207,172216
347,1614007296,170581
348,1614007433,171958
349,1614007501,172900
350,1614007531,171994
351,1614007632,171067
352,1614007977,172078
353,1614008172,171192
354,1614008342,172317
355,1614008665,173450
356,1614008739,174524
357,1614009062,173494
358,1614009710,171208
359,1614009710,172283
360,1614009904,171049
361,1614009964,172516
362,1614010250,173704
363,1614010372,174717
364,1614010651,175729
365,1614011214,174743
366,1614011558,175705
367,1614012016,174722
368,1614012781,173844
369,1614012878,172659
370,1614013364,171793
371,1614013473,172665
372,1614013748,171734
373,1614014072,170871
374,1614014142,171727
375,1614014285,172613
376,1614014437,171718
377,1614014711,172619
378,1614015138,171641
379,1614015329,170731
380,1614015930,169470
381,1614016028,168504
382,1614016103,169415
383,1614016571,168209
384,1614017024,167128
385,1614017195,166234
386,1614017285,167138
387,1614017416,168108
388,1614017552,167239
389,1614017731,168108
390,1614017768,169045
391,1614017987,170196
392,1614018092,169100
393,1614018252,169953
394,1614018511,171194
395,1614018685,170224
396,1614018727,170113
397,1614018800,170985
398,1614019395,171876
399,1614019933,170892
400,1614020415,171781
401,1614020668,172689
402,1614021860,171753
403,1614022100,172625
404,1614022566,173555
405,1614023681,174534
406,1614024256,175443
407,1614024435,176378
408,1614024543,177408
409,1614024904,176375
410,1614025170,177264
411,1614026781,178159
412,1614027130,177254
413,1614027978,178254
414,1614028481,179194
415,1614030333,180114
416,1614031226,179186
417,1614031546,180141
418,1614031701,179134
419,1614032254,178142
420,1614033050,177071
421,1614033205,176149
422,1614033265,177113
423,1614033770,178000
424,1614035554,177047
425,1614035874,176109
426,1614036005,175146
427,1614036784,176093
428,1614037136,177123
429,1614038015,178018
430,1614038590,177065
431,1614038766,176157
432,1614038833,175211
433,1614039736,176216
434,1614040310,177215
435,1614040701,178187
436,1614041153,177274
437,1614041787,176356
438,1614042132,177241
439,1614042535,176258
440,1614042887,174933
441,1614043495,173978
442,1614043661,173070
443,1614043801,172153
444,1614043946,173184
445,1614044882,172164
446,1614045379,171110
447,1614045693,172290
448,1614045779,171409
449,1614046341,172401
450,1614046415,171397
451,1614046541,172515
452,1614046724,171620
453,1614047152,170691
454,1614047929,169639
455,1614047990,168550
456,1614048178,167700
457,1614048375,168552
458,1614048511,169440
459,1614048654,168276
460,1614048797,167170
461,1614049033,166327
462,1614049253,167365
463,1614049457,168659
464,1614049503,169717
465,1614049821,170746
466,1614050564,169860
467,1614050727,168638
468,1614051021,169611
469,1614051110,168758
470,1614051213,167861
471,1614051302,166994
472,1614051412,167858
473,1614051521,166714
474,1614051617,167631
475,1614052028,168643
476,1614052226,169509
477,1614052647,168552
478,1614053079,167646
479,1614053529,168522
480,1614053759,169453
481,1614053891,168548
482,1614054276,167702
483,1614054946,166743
484,1614055006,165897
485,1614055006,165028
486,1614055212,163781
487,1614055312,162930
488,1614055396,163964
489,1614055483,163079
490,1614055612,162172
491,1614055720,161257
492,1614055907,160447
493,1614056058,159291
494,1614056076,161968
495,1614056108,162910
496,1614056543,161791
497,1614056543,160889
498,1614056653,159600
499,1614056689,160870
500,1614056735,161874
501,1614056746,160623
502,1614056837,159721
503,1614056918,160945
504,1614056945,159878
505,1614057196,158715
506,1614057282,159609
507,1614057295,158579
508,1614057426,159634
509,1614057486,160606
510,1614057559,159606
511,1614057615,158744
512,1614057707,159814
513,1614057745,158713
514,1614057839,157865
515,1614057969,156887
516,1614058069,155784
517,1614058164,158006
518,1614058329,156638
519,1614058364,159279
520,1614058451,160110
521,1614058575,161251
522,1614059206,162297
523,1614059286,163216
524,1614059477,162298
525,1614059565,163219
526,1614059993,162132
527,1614060054,161103
528,1614060161,160100
529,1614060219,161310
530,1614060563,162500
531,1614060796,163351
532,1614061080,164427
533,1614061109,164865
534,1614061437,164028
535,1614061862,162840
536,1614062261,161879
537,1614062415,160931
538,1614062590,160119
539,1614062709,161035
540,1614062808,159352
541,1614063041,160356
542,1614063145,159469
543,1614063227,158655
544,1614063642,157785
545,1614063686,156979
546,1614063717,158271
547,1614063754,159286
548,1614063986,160162
549,1614064062,161090
550,1614064245,160104
551,1614064356,159258
552,1614064535,158406
553,1614064652,159243
554,1614064778,160306
555,1614064887,159156
556,1614065544,160031
557,1614066152,160878
558,1614066346,161887
559,1614066460,160965
560,1614066678,160020
561,1614066970,159186
562,1614067367,158200
563,1614067513,157063
564,1614067615,155861
565,1614067749,156718
566,1614067825,155630
567,1614067933,154409
568,1614068031,153300
569,1614068057,154644
570,1614068168,153497
571,1614068191,152724
572,1614068205,151656
573,1614068274,150873
574,1614068395,151968
575,1614068460,153016
576,1614068490,153985
577,1614068666,152998
578,1614068679,152199
579,1614068845,150948
580,1614068999,149593
581,1614069017,148675
582,1614069082,150874
583,1614069324,151629
584,1614069324,152434
585,1614069362,153243
586,1614069475,151636
587,1614069518,152507
588,1614069583,153502
589,1614069708,152264
590,1614069741,151187
591,1614069836,150400
592,1614069930,149503
593,1614069989,151222
594,1614070173,150209
595,1614070259,151107
596,1614070354,150100
597,1614070574,149200
598,1614070586,148351
599,1614070608,146700
600,1614070630,145968
601,1614070770,145060
602,1614070969,146865
603,1614070982,147658
604,1614071017,148705
605,1614071174,147756
606,1614071177,146186
607,1614071197,147359
608,1614071203,146592
609,1614071224,145732
610,1614071244,144742
611,1614071330,143888
612,1614071340,143009
613,1614071451,142000
614,1614071451,140635
615,1614071486,140852
616,1614071616,137224
617,1614071632,138915
618,1614071632,139725
619,1614071654,142306
620,1614071722,141235
621,1614071784,142672
622,1614071947,143757
623,1614071947,145077
624,1614071947,144676
625,1614072044,145423
626,1614072060,147628
627,1614072171,146300
628,1614072231,145558
629,1614072290,147171
630,1614072330,148275
631,1614072478,149273
632,1614072534,150032
633,1614072534,150966
634,1614072563,150207
635,1614072637,149358
636,1614072741,150278
637,1614072788,151463
638,1614072802,150679
639,1614073010,149080
640,1614073068,147699
641,1614073163,149024
642,1614073195,148102
643,1614073249,147320
644,1614073315,148163
645,1614073404,146572
646,1614073444,147898
647,1614073536,146941
648,1614073690,147706
649,1614073759,148496
650,1614073830,149318
651,1614074413,150127
652,1614074464,150899
653,1614074648,151896
654,1614075293,150592
655,1614075369,149780
656,1614075423,149000
657,1614075593,148112
658,1614075679,147211
659,1614075734,148315
660,1614075863,149465
661,1614076090,148697
662,1614076262,147726
663,1614076304,146982
664,1614076391,146085
665,1614076523,147026
666,1614076667,146232
667,1614076793,145139
668,1614076882,146676
669,1614077064,147752
670,1614077254,146729
671,1614077332,145978
672,1614077516,146857
673,1614077610,145887
674,1614077734,146617
675,1614077845,147554
676,1614078093,148330
677,1614078151,149461
678,1614078925,148608
679,1614078998,147835
680,1614079241,146928
681,1614079311,146131
682,1614079633,144979
683,1614079646,146512
684,1614079671,145677
685,1614079830,146505
686,1614079940,145662
687,1614080103,144668
688,1614080155,143707
689,1614080263,142496
690,1614080362,141330
691,1614080692,140606
692,1614080714,139700
693,1614080719,138711
694,1614080754,137673
695,1614080858,139462
696,1614080892,140876
697,1614081003,142247
698,1614081052,141531
699,1614081101,142772
700,1614081255,141747
701,1614081335,142481
702,1614081485,143422
703,1614081538,144362
704,1614081592,145670
705,1614081611,144730
706,1614081714,145908
707,1614081906,146828
708,1614082039,145449
709,1614082206,146207
710,1614082235,145351
711,1614082458,146251
712,1614082538,147089
713,1614082652,148124
714,1614082811,147225
715,1614082879,148243
716,1614082934,147430
717,1614083230,146626
718,1614083435,145832
719,1614083554,144369
720,1614083600,143401
721,1614083701,144418
722,1614083750,143406
723,1614083817,144238
724,1614083940,145565
725,1614083955,146586
726,1614083963,147597
727,1614083979,149265
728,1614083999,150369
729,1614084023,148452
730,1614084061,149363
731,1614084171,148453
732,1614084244,149355
733,1614084295,148013
734,1614084439,149850
735,1614084440,150681
736,1614084520,151595
737,1614084544,152451
738,1614084636,151587
739,1614084747,152911
740,1614084789,154400
741,1614084862,153604
742,1614085031,154800
743,1614085104,153766
744,1614085175,152943
745,1614085273,152168
746,1614085387,153193
747,1614085430,154270
748,1614085575,153404
749,1614085728,154273
750,1614085862,153320
751,1614085897,154143
752,1614086074,154999
753,1614086150,156361
754,1614086215,155414
755,1614086323,153932
756,1614086417,154989
757,1614086612,154110
758,1614086777,153116
759,1614087134,154173
760,1614087315,155103
761,1614087469,154147
762,1614087630,152792
763,1614087868,151779
764,1614088028,152837
765,1614088283,153892
766,1614088523,154808
767,1614089116,155618
768,1614089265,156568
769,1614089935,155659
770,1614090911,154880
771,1614091037,154034
772,1614091129,153029
773,1614091404,152219
774,1614091463,151436
775,1614091732,150000
776,1614091848,149185
777,1614091871,148404
778,1614091986,149617
779,1614092119,150536
780,1614092202,151491
781,1614092252,152299
782,1614092561,151413
783,1614092611,152571
784,1614092656,153933
785,1614092809,154827
786,1614092872,153892
787,1614093085,154725
788,1614093160,153793
789,1614093361,152926
790,1614093483,153729
791,1614093565,154848
792,1614093709,155643
793,1614094010,156427
794,1614094256,155619
795,1614094403,154824
796,1614094521,155616
797,1614094664,156463
798,1614094761,157533
799,1614094962,158481
800,1614095203,159500
801,1614095367,158306
802,1614095517,159316
803,1614095591,158500
804,1614095783,157367
805,1614095905,156571
806,1614096017,157394
807,1614096170,158900
808,1614096272,159768
809,1614096321,160682
810,1614096550,159695
811,1614096676,158565
812,1614096777,157671
813,1614096922,158612
814,1614096922,159423
815,1614096985,158114
816,1614097053,157152
817,1614097274,156024
818,1614097333,156882
819,1614097414,155861
820,1614097755,156731
821,1614097802,157581
822,1614097842,158380
823,1614097955,157469
824,1614098000,156678
825,1614098107,157632
826,1614098200,156842
827,1614098341,155219
828,1614098431,156189
829,1614098518,155394
830,1614098634,154189
831,1614098715,155417
832,1614099020,154595
833,1614099107,155501
834,1614099169,154464
835,1614099229,155290
836,1614099301,156091
837,1614099391,155108
838,1614099693,156226
839,1614100074,155396
840,1614100158,154563
841,1614100316,153685
842,1614100597,154953
843,1614101141,155872
844,1614101466,156674
845,1614102003,155731
846,1614102122,154873
847,1614102262,154051
848,1614102477,153138
849,1614102691,154348
850,1614102692,152851
851,1614102773,153635
852,1614103012,152751
853,1614103211,151890
854,1614103325,152865
855,1614103355,153749
856,1614103483,152855
857,1614103621,153827
858,1614103758,153000
859,1614103830,152217
860,1614103833,151336
861,1614104105,150404
862,1614104147,151270
863,1614104412,150339
864,1614104540,151469
865,1614104636,152469
866,1614105331,153258
867,1614105740,152393
868,1614106330,151601
869,1614106451,150692
870,1614106758,149900
871,1614107183,150800
872,1614107863,150033
873,1614107943,149216
874,1614108100,150174
875,1614108127,149392
876,1614108706,148600
877,1614108823,147629
878,1614108866,146794
879,1614108998,148223
880,1614109117,147399
881,1614109176,146373
882,1614109352,145560
883,1614109597,146594
884,1614109680,145518
885,1614109877,146622
886,1614110016,145787
887,1614110181,146598
888,1614110263,145726
889,1614110404,144815
890,1614110516,143807
891,1614110606,145078
892,1614110606,145878
893,1614110700,147063
894,1614110944,147915
895,1614111115,147009
896,1614111224,146074
897,1614111282,145233
898,1614111436,144389
899,1614111642,145354
900,1614111642,146332
901,1614111684,147124
902,1614111747,148176
903,1614111929,147252
904,1614112160,147999
905,1614112286,148803
906,1614112376,149548
907,1614112701,150561
908,1614112990,149611
909,1614113179,150465
910,1614113271,151241
911,1614113535,152008
912,1614114035,152921
913,1614114133,153746
914,1614114234,154788
915,1614114320,154001
916,1614114575,153215
917,1614114686,152425
918,1614114734,153289
919,1614114927,154058
920,1614115080,152951
921,1614115231,153754
922,1614115569,154603
923,1614115970,153730
924,1614116090,154595
925,1614117261,153817
926,1614118232,154800
927,1614118322,155613
928,1614118511,156907
929,1614119111,155926
930,1614119186,155146
931,1614119636,154272
932,1614119703,155077
933,1614119808,154300
934,1614120339,155282
935,1614120774,156184
936,1614120844,156990
937,1614121744,155983
938,1614121968,156800
939,1614122217,157640
940,1614122329,156622
941,1614122584,155771
942,1614122758,154958
943,1614123035,155853
944,1614123124,155068
945,1614123215,155920
946,1614124621,156868
947,1614124890,157800
948,1614125020,156891
949,1614125244,156099
950,1614125450,155306
951,1614125705,154301
952,1614125860,153077
953,1614125955,154056
954,1614125972,153230
955,1614126074,152388
956,1614126156,151045
957,1614126475,150208
958,1614126505,150995
959,1614126647,151770
960,1614126826,152575
961,1614126988,153714
962,1614127666,154483
963,1614128055,155483
964,1614128276,156432
965,1614128434,157379
966,1614128562,156399
967,1614128959,157245
968,1614129215,156341
969,1614129377,157149
970,1614129649,157953
971,1614130027,158843
972,1614130296,157849
973,1614130349,158953
974,1614130382,158153
975,1614130805,159045
976,1614131056,159859
977,1614131552,159055
978,1614131859,159862
979,1614132011,160662
980,1614132071,159783
981,1614132196,161023
982,1614133741,161834
983,1614134191,162730
984,1614134556,161794
985,1614134957,162629
986,1614135522,161814
987,1614135816,162684
988,1614137322,161780
989,1614138622,162800
990,1614138959,163738
991,1614139844,164573
992,1614140303,163728
993,1614140825,162894
994,1614141415,162000
995,1614141844,160937
996,1614141936,161754
997,1614142198,162640
998,1614142383,163534
999,1614142556,164389
1000,1614143807,163530
1001,1614143994,162672
1002,1614145953,163518
1003,1614146522,164337
1004,1614147136,163478
1005,1614147203,162620
1006,1614147309,161617
1007,1614147896,162666
1008,1614148110,161704
1009,1614149006,162539
1010,1614149234,163499
1011,1614149699,162629
1012,1614149770,163459
1013,1614150541,162594
1014,1614150866,161622
1015,1614151060,162547
1016,1614151299,163394
1017,1614151600,164290
1018,1614151717,163445
1019,1614151879,164300
1020,1614153812,163371
1021,1614153854,164393
1022,1614154155,165300
1023,1614154426,166261
1024,1614154721,167143
1025,1614154820,166249
1026,1614155304,167089
1027,1614156029,166235
1028,1614156048,166224
1029,1614156859,167222
1030,1614157684,168073
1031,1614158202,168983
1032,1614159043,169900
1033,1614159454,170816
1034,1614160019,169873
1035,1614160222,168892
1036,1614161485,167906
1037,1614164082,166871
1038,1614164630,167737
1039,1614164906,168801
1040,1614165332,167947
1041,1614165853,169199
1042,1614166817,168300
1043,1614167215,167438
1044,1614168091,168403
1045,1614168413,169409
1046,1614168606,168361
1047,1614168988,169222
1048,1614169441,170203
1049,1614170837,169331
1050,1614171942,168207
1051,1614172577,167262
1052,1614172625,165323
1053,1614172766,164275
1054,1614173030,165236
1055,1614173414,164343
1056,1614173514,163000
1057,1614173840,163993
1058,1614173967,162882
1059,1614174058,164031
1060,1614174365,163200
1061,1614174453,164336
1062,1614175463,165234
1063,1614175680,164357
1064,1614175790,163405
1065,1614175902,162570
1066,1614175997,163583
1067,1614176131,162695
1068,1614176165,163525
1069,1614176297,164392
1070,1614177776,163543
1071,1614177880,162579
1072,1614178076,163450
1073,1614178089,164315
1074,1614178264,163220
1075,1614178410,164163
1076,1614179461,163239
1077,1614179585,162245
1078,1614179647,161378
1079,1614179764,162486
1080,1614179806,161353
1081,1614180069,160211
1082,1614180265,159267
1083,1614180340,160099
1084,1614180340,160976
1085,1614180519,162113
1086,1614180774,163173
1087,1614180996,163994
1088,1614181337,163144
1089,1614181643,164187
1090,1614182161,165119
1091,1614182312,165993
1092,1614182570,167007
1093,1614183115,166103
1094,1614183559,165129
1095,1614183700,165995
1096,1614183787,164857
1097,1614183910,165780
1098,1614183937,166000
1099,1614184172,165028
1100,1614184318,165882
1101,1614184596,166960
1102,1614184839,166082
1103,1614185660,165221
1104,1614185889,164368
1105,1614186642,165399
1106,1614187856,164368
1107,1614189338,165216
1108,1614189611,166076
1109,1614189978,165209
1110,1614190270,164345
1111,1614191557,165321
1112,1614192373,164475
1113,1614192985,163551
1114,1614193801,162680
1115,1614195044,161836
1116,1614195360,160931
1117,1614195533,160076
1118,1614195747,160954
1119,1614195865,160071
1120,1614195968,161133
1121,1614196160,160276
1122,1614196815,159446
1123,1614196904,160500
1124,1614197045,161561
1125,1614197186,160733
1126,1614197998,159724
1127,1614198477,158773
1128,1614198578,159653
1129,1614198675,158842
1130,1614198816,157999
1131,1614198960,159041
1132,1614198997,158164
1133,1614199135,158977
1134,1614199278,159819
1135,1614199413,158800
1136,1614199856,159654
1137,1614200262,160676
1138,1614200625,159863
1139,1614200764,158917
1140,1614201284,158056
1141,1614201474,157131
1142,1614201865,157933
1143,1614201945,157140
1144,1614202030,156331
1145,1614202515,157255
1146,1614203326,156451
1147,1614203730,157262
1148,1614203781,158426
1149,1614203898,159226
1150,1614204076,158391
1151,1614204232,157550
1152,1614204403,156691
1153,1614204579,155885
1154,1614205025,156800
1155,1614205669,157660
1156,1614205907,158540
1157,1614206110,159409
1158,1614206182,158563
1159,1614207759,159492
1160,1614207832,160410
1161,1614207972,161231
1162,1614208413,160350
1163,1614209431,161195
1164,1614210382,162199
1165,1614211346,163112
1166,1614211687,162240
1167,1614212257,163055
1168,1614212447,163942
1169,1614213829,164996
1170,1614217756,164067
1171,1614217961,163034
1172,1614218601,163920
1173,1614219947,163064
1174,1614222228,162196
1175,1614223029,161149
1176,1614225628,160198
1177,1614225911,159355
1178,1614226588,160167
1179,1614227158,161060
1180,1614227785,160238
1181,1614228003,159412
1182,1614228456,160270
1183,1614228732,159419
1184,1614229487,160303
1185,1614231320,161402
1186,1614232604,162222
1187,1614233219,161331
1188,1614233914,162142
1189,1614234369,161179
1190,1614235825,162110
1191,1614236700,161197
1192,1614237321,162095
1193,1614237446,162924
1194,1614237546,163806
1195,1614240260,162898
1196,1614241025,161913
1197,1614241473,160930
1198,1614243344,159887
1199,1614244110,159047
1200,1614244219,158082
1201,1614244262,158921
1202,1614245133,158057
1203,1614245241,158927
1204,1614246391,159754
1205,1614247863,160557
1206,1614248304,159754
1207,1614250019,160603
1208,1614250345,161446
1209,1614253971,162345
1210,1614254538,163249
1211,1614255177,162310
1212,1614255444,161280
1213,1614255767,162157
1214,1614257660,163299
1215,1614257782,164242
1216,1614258072,165274
1217,1614258267,166275
1218,1614258287,165328
1219,1614258444,166499
1220,1614258993,165446
1221,1614259604,164552
1222,1614260000,163646
1223,1614260495,164534
1224,1614263089,163685
1225,1614263365,162709
1226,1614263492,163632
1227,1614264303,162745
1228,1614264417,163636
1229,1614267048,162645
1230,1614267782,163473
1231,1614268131,162628
1232,1614268250,161753
1233,1614268658,162564
1234,1614269272,161704
1235,1614269504,162608
1236,1614269979,163597
1237,1614271246,162709
1238,1614271943,161800
1239,1614272633,160911
1240,1614273257,160000
1241,1614273518,160909
1242,1614273999,160000
1243,1614274302,159157
1244,1614274391,160077
1245,1614274444,159263
1246,1614274642,160191
1247,1614274951,159288
1248,1614276407,160142
1249,1614277692,159288
1250,1614278058,158458
1251,1614278544,159270
1252,1614278630,158416
1253,1614279247,157456
1254,1614279914,158341
1255,1614279997,159201
1256,1614280379,158051
1257,1614280694,157160
1258,1614280755,158030
1259,1614280874,159015
1260,1614281124,157990
1261,1614281294,158827
1262,1614283445,158000
1263,1614283729,157174
1264,1614283907,156328
1265,1614284538,157160
1266,1614284630,158117
1267,1614284992,157242
1268,1614285248,156339
1269,1614286387,157188
1270,1614287972,156244
1271,1614288104,157183
1272,1614288272,158276
1273,1614288418,157446
1274,1614288610,156656
1275,1614288914,155846
1276,1614289274,154602
1277,1614289621,153601
1278,1614289908,152775
1279,1614289964,153791
1280,1614290241,152909
1281,1614290464,152069
1282,1614290478,153162
1283,1614290662,152360
1284,1614290880,151517
1285,1614290882,150663
1286,1614291144,151439
1287,1614291243,152243
1288,1614291432,150993
1289,1614291491,152782
1290,1614291491,151870
1291,1614291519,152633
1292,1614292078,153541
1293,1614292400,154335
1294,1614292535,153425
1295,1614292958,152568
1296,1614293141,151500
1297,1614293304,150678
1298,1614293423,151567
1299,1614293561,152554
1300,1614293953,151600
1301,1614294043,150817
1302,1614294514,149896
1303,1614294580,150785
1304,1614294974,151743
1305,1614295359,152854
1306,1614295664,151983
1307,1614296035,151129
1308,1614296171,150317
1309,1614296432,149380
1310,1614296476,148546
1311,1614296723,147786
1312,1614296858,146874
1313,1614297076,146076
1314,1614297145,147084
1315,1614297154,148059
1316,1614297478,147231
1317,1614297671,147974
1318,1614297956,147227
1319,1614297978,148859
1320,1614298061,147818
1321,1614298115,149142
1322,1614298251,150057
1323,1614298397,150891
1324,1614298625,150059
1325,1614298667,149162
1326,1614298825,148054
1327,1614298974,148888
1328,1614299059,147930
1329,1614299315,147104
1330,1614299426,146178
1331,1614299518,145434
1332,1614299552,146280
1333,1614299613,145442
1334,1614300043,146227
1335,1614300177,145219
1336,1614300312,146347
1337,1614300330,147122
1338,1614300412,146377
1339,1614300412,145501
1340,1614300507,146587
1341,1614300631,147525
1342,1614300817,146580
1343,1614300869,147465
1344,1614300948,146663
1345,1614301163,147648
1346,1614301369,148541
1347,1614301733,147670
1348,1614301895,148574
1349,1614301990,147800
1350,1614302075,148627
1351,1614302552,149673
1352,1614303286,148715
1353,1614303387,147878
1354,1614303749,148636
1355,1614303913,147678
1356,1614304217,146738
1357,1614305140,147621
1358,1614305259,148464
1359,1614306440,149379
1360,1614306711,148401
1361,1614307342,149403
1362,1614307927,148650
1363,1614308858,147892
1364,1614310225,148725
1365,1614310789,147906
1366,1614310893,148707
1367,1614312046,149712
1368,1614312262,150656
1369,1614312457,151530
1370,1614313494,152550
1371,1614314120,151705
1372,1614314864,150854
1373,1614315506,150072
1374,1614315791,150934
1375,1614315940,150098
1376,1614316002,149285
1377,1614316536,148416
1378,1614316636,149197
1379,1614316781,148363
1380,1614316868,149214
1381,1614317615,148334
1382,1614317835,147340
1383,1614318345,146563
1384,1614318500,147470
1385,1614318608,146722
1386,1614318713,145738
1387,1614319400,146818
1388,1614319418,146065
1389,1614319560,146882
1390,1614320141,145866
1391,1614320219,146949
1392,1614320792,146137
1393,1614320917,145327
1394,1614321046,146121
1395,1614322150,146921
1396,1614322768,146172
1397,1614322917,146973
1398,1614323561,146184
1399,1614323751,145394
1400,1614323887,144636
1401,1614323973,142416
1402,1614324040,143136
1403,1614324102,142253
1404,1614324473,143135
1405,1614324741,143875
1406,1614324869,142674
1407,1614325025,141658
1408,1614325280,140908
1409,1614325452,141664
1410,1614325485,140750
1411,1614325712,141482
1412,1614325898,140737
1413,1614326231,141504
1414,1614326400,143186
1415,1614326661,144083
1416,1614326726,143336
1417,1614326916,144065
1418,1614327871,144820
1419,1614328083,145724
1420,1614328433,146476
1421,1614328666,145620
1422,1614330164,144642
1423,1614330480,145698
1424,1614330480,146438
1425,1614330523,147507
1426,1614331041,146686
1427,1614331331,145793
1428,1614331459,146608
1429,1614331786,145873
1430,1614332325,146940
1431,1614332602,146062
1432,1614332780,146892
1433,1614332890,147661
1434,1614333974,146901
1435,1614334262,147778
1436,1614334512,146953
1437,1614334967,147891
1438,1614336136,148714
1439,1614336597,147952
1440,1614337300,148705
1441,1614338088,147917
1442,1614338569,147128
1443,1614338704,146241
1444,1614339723,145429
1445,1614340004,146179
1446,1614340319,146951
1447,1614340515,147688
1448,1614340856,148517
1449,1614341844,149347
1450,1614343805,148525
1451,1614344736,147546
1452,1614344993,146633
1453,1614347358,147570
1454,1614347898,146775
1455,1614347961,146025
1456,1614348210,147041
1457,1614348338,147834
1458,1614348728,147001
1459,1614348939,147774
1460,1614348940,146895
1461,1614348978,147746
1462,1614349125,148502
1463,1614349422,149427
1464,1614349615,150275
1465,1614349930,151059
1466,1614350029,151857
1467,1614350665,152654
1468,1614351458,151882
1469,1614351752,151089
1470,1614352265,150155
1471,1614352543,150925
1472,1614353663,151768
1473,1614353751,152841
1474,1614353945,153618
1475,1614355667,154560
1476,1614355895,153784
1477,1614356665,154667
1478,1614357926,153854
1479,1614358697,154799
1480,1614358840,155714
1481,1614359706,154800
1482,1614360430,153939
1483,1614361229,153031
1484,1614361593,152007
1485,1614362458,152803
1486,1614363522,151878
1487,1614364914,152692
1488,1614365220,151909
1489,1614365897,150935
1490,1614366625,150126
1491,1614366934,151027
1492,1614368164,150236
1493,1614368419,149463
1494,1614369115,148691
1495,1614369413,147751
1496,1614370044,146776
1497,1614370169,147541
1498,1614370297,146530
1499,1614370907,145644
1500,1614371678,144873
1501,1614371791,145829
1502,1614372404,146561
1503,1614372698,145824
1504,1614373098,144841
1505,1614373384,145620
1506,1614373720,144710
1507,1614374113,145563
1508,1614374687,146372
1509,1614375109,145579
1510,1614375353,146484
1511,1614375588,145708
1512,1614376038,144920
1513,1614376545,144190
1514,1614376682,143331
1515,1614376964,142389
1516,1614377423,141412
1517,1614377767,142384
1518,1614378042,143249
1519,1614378862,142400
1520,1614379125,143144
1521,1614379293,144142
1522,1614379456,143378
1523,1614379538,144100
1524,1614379811,143376
1525,1614380157,142637
1526,1614380725,143399
1527,1614380947,144150
1528,1614381725,143392
1529,1614381912,144604
1530,1614383350,143838
1531,1614383734,144678
1532,1614384213,143877
1533,1614384261,144729
1534,1614384423,145482
1535,1614384604,146322
1536,1614384966,145571
1537,1614385612,146340
1538,1614386081,147272
1539,1614386329,148097
1540,1614387105,148929
1541,1614388108,149805
1542,1614388323,149054
1543,1614388949,148253
1544,1614389250,149125
1545,1614389986,149996
1546,1614390387,149187
1547,1614390887,149939
1548,1614391382,149034
1549,1614391806,149817
1550,1614393039,150587
1551,1614393197,151376
1552,1614393536,150588
1553,1614393888,149774
1554,1614394388,149020
1555,1614395399,149791
1556,1614395658,150694
1557,1614396285,149800
1558,1614396707,150633
1559,1614398358,149538
1560,1614398522,150287
1561,1614398801,149532
1562,1614399077,148760
1563,1614399572,149532
1564,1614399884,150402
1565,1614400541,149541
1566,1614400696,150305
1567,1614402136,149496
1568,1614402196,150250
1569,1614402340,151059
1570,1614403109,150268
1571,1614403369,149503
1572,1614405050,150281
1573,1614407666,151035
1574,1614408033,152079
1575,1614408279,152841
1576,1614408782,151954
1577,1614409055,151143
1578,1614409314,150125
1579,1614409535,149286
1580,1614409582,148415
1581,1614410232,149189
1582,1614411840,148440
1583,1614412190,149219
1584,1614413913,148378
1585,1614414065,147423
1586,1614414426,146342
1587,1614414586,147142
1588,1614414693,146192
1589,1614414786,147056
1590,1614416663,146190
1591,1614417489,146935
1592,1614418592,146199
1593,1614419686,146939
1594,1614420286,147710
1595,1614420773,146969
1596,1614423147,147743
1597,1614423440,146895
1598,1614424894,147662
1599,1614425578,148473
1600,1614426213,147690
1601,1614426797,146788
1602,1614427580,147599
1603,1614428457,146750
1604,1614428663,145980
1605,1614429097,146711
1606,1614429149,146938
1607,1614429281,147803
1608,1614429356,148923
1609,1614432229,148154
1610,1614432599,149005
1611,1614432775,148254
1612,1614433569,149235
1613,1614434077,148471
1614,1614436398,147638
1615,1614436511,146834
1616,1614439003,147782
1617,1614439485,148544
1618,1614439651,147716
1619,1614439844,146617
1620,1614440084,145869
1621,1614440237,145101
1622,1614440879,145895
1623,1614441654,145112
1624,1614441811,146120
1625,1614442672,146943
1626,1614446319,147699
1627,1614448348,148441
1628,1614449096,149230
1629,1614452933,150000
1630,1614453024,150760
1631,1614453706,149999
1632,1614455611,150881
1633,1614456027,151748
1634,1614456368,150922
1635,1614457162,151726
1636,1614458496,150884
1637,1614458986,151685
1638,1614459302,150830
1639,1614459718,151685
1640,1614460964,150853
1641,1614461309,151617
1642,1614462111,150747
1643,1614462436,149880
1644,1614462856,150667
1645,1614464038,149904
1646,1614464214,149081
1647,1614466294,148277
1648,1614466677,147503
1649,1614466757,146700
1650,1614466933,145766
1651,1614467231,144975
1652,1614467412,145805
1653,1614467605,144871
1654,1614467900,144073
1655,1614468093,144806
1656,1614468178,144041
1657,1614468329,143257
1658,1614468761,144043
1659,1614468930,144978
1660,1614469570,145779
1661,1614469869,146590
1662,1614470149,145848
1663,1614470488,144977
1664,1614470846,145962
1665,1614471113,145193
1666,1614471337,146102
1667,1614472226,145277
1668,1614473550,146078
1669,1614474087,145244
1670,1614474583,145999
1671,1614475711,146747
1672,1614476298,145934
1673,1614478466,145199
1674,1614478857,144415
1675,1614480017,143308
1676,1614480147,144055
1677,1614480291,143290
1678,1614480683,144147
1679,1614480916,143286
1680,1614481075,142421
1681,1614481658,141681
1682,1614481828,140796
1683,1614481931,141607
1684,1614482174,142410
1685,1614482505,141473
1686,1614483305,140593
1687,1614483596,139704
1688,1614483659,138839
1689,1614483895,138122
1690,1614483944,139067
1691,1614484172,139871
1692,1614484370,139074
1693,1614484383,138332
1694,1614484490,137208
1695,1614484535,137913
1696,1614484646,137103
1697,1614484899,138170
1698,1614485001,137204
1699,1614485366,137920
1700,1614485554,138798
1701,1614486485,138060
1702,1614486727,138769
1703,1614486849,139510
1704,1614487537,138796
1705,1614488148,137915
1706,1614488322,137210
1707,1614488560,136081
1708,1614488625,137639
1709,1614488977,138444
1710,1614489148,137538
1711,1614489428,138326
1712,1614489435,139246
1713,1614489738,138503
1714,1614489863,137725
1715,1614489998,138414
1716,1614490241,137617
1717,1614490344,138348
1718,1614490934,137637
1719,1614491125,136674
1720,1614491494,135856
1721,1614492190,135000
1722,1614492322,133892
1723,1614492432,132894
1724,1614492496,132113
1725,1614492498,133999
1726,1614492524,133285
1727,1614492615,132500
1728,1614492857,131778
1729,1614492877,132680
1730,1614493055,133552
1731,1614493151,134385
1732,1614493542,135095
1733,1614493927,136034
1734,1614494285,135198
1735,1614494474,134516
1736,1614494729,135505
1737,1614494871,134746
1738,1614495116,134003
1739,1614495197,134788
1740,1614495265,133953
1741,1614495507,133268
1742,1614495961,132362
1743,1614496260,133082
1744,1614496435,134093
1745,1614496774,134798
1746,1614497755,134087
1747,1614498158,133300
1748,1614498445,134060
1749,1614498550,134751
1750,1614498780,134006
1751,1614499088,134820
1752,1614499465,135650
1753,1614500785,136345
1754,1614501104,137251
1755,1614501161,136514
1756,1614502056,135737
1757,1614502958,136490
1758,1614503105,137328
1759,1614504406,136519
1760,1614505719,137451
1761,1614505943,136660
1762,1614506584,135879
1763,1614507274,136580
1764,1614507958,137369
1765,1614508956,136646
1766,1614510300,135860
1767,1614510454,136656
1768,1614510521,137356
1769,1614511372,138249
1770,1614511929,137433
1771,1614514721,136470
1772,1614514982,135655
1773,1614515384,136371
1774,1614515458,135612
1775,1614515904,134831
1776,1614515980,135557
1777,1614517300,136260
1778,1614517456,135480
1779,1614518066,136224
1780,1614518627,135422
1781,1614520763,134599
1782,1614520784,133600
1783,1614521425,132904
1784,1614521514,132007
1785,1614521617,132786
1786,1614521730,131892
1787,1614521759,132624
1788,1614521770,133295
1789,1614522281,132329
1790,1614522411,133313
1791,1614522734,134039
1792,1614522926,134774
1793,1614524358,135613
1794,1614524580,134790
1795,1614525330,134078
1796,1614525461,133360
1797,1614525838,132646
1798,1614526204,131976
1799,1614526385,131306
1800,1614526614,131976
1801,1614526694,131258
1802,1614526854,130457
1803,1614527465,129358
1804,1614527475,130005
1805,1614527598,130864
1806,1614527878,131601
1807,1614528115,130921
1808,1614528170,131707
1809,1614528210,132434
1810,1614528243,133319
1811,1614528338,134101
1812,1614528912,133323
1813,1614528979,134068
1814,1614529106,134820
1815,1614529643,133916
1816,1614529889,134630
1817,1614530186,135455
1818,1614530289,136230
1819,1614530790,135538
1820,1614531351,134809
1821,1614531978,134115
1822,1614532380,134827
1823,1614532665,135527
1824,1614533332,134804
1825,1614533910,134101
1826,1614534288,134780
1827,1614534770,134091
1828,1614534881,133414
1829,1614535215,132738
1830,1614535418,133450
1831,1614535765,134207
1832,1614537232,134885
1833,1614537512,134182
1834,1614537961,134975
1835,1614538531,135810
1836,1614538604,135000
1837,1614538899,135706
1838,1614539964,134900
1839,1614540827,135647
1840,1614541374,136364
1841,1614541617,137086
1842,1614541738,137823
1843,1614541938,138526
1844,1614542198,139388
1845,1614542336,138629
1846,1614542457,139500
1847,1614543608,138650
1848,1614543687,139441
1849,1614543815,138741
1850,1614545170,139569
1851,1614545646,140328
1852,1614545816,141139
1853,1614546408,142000
1854,1614546626,141244
1855,1614547024,140061
1856,1614547404,140800
1857,1614548200,141532
1858,1614548528,142277
1859,1614548796,141543
1860,1614551587,140816
1861,1614551684,139715
1862,1614551917,140500
1863,1614552220,141269
1864,1614552623,141999
1865,1614553289,142798
1866,1614553356,143761
1867,1614554978,142999
1868,1614555584,142236
1869,1614555939,141346
1870,1614556987,142338
1871,1614557035,141509
1872,1614557715,142400
1873,1614557829,143320
1874,1614557880,144190
1875,1614558849,144925
1876,1614559224,144193
1877,1614560741,143460
1878,1614561647,142742
1879,1614562250,143456
1880,1614562291,144211
1881,1614562696,143449
1882,1614564050,144199
1883,1614565607,144981
1884,1614566921,144200
1885,1614567974,143452
1886,1614568708,144176
1887,1614570470,143447
1888,1614571454,144207
1889,1614572356,143430
1890,1614572488,142630
1891,1614573802,143386
1892,1614574214,144318
1893,1614576569,143551
1894,1614576908,144270
1895,1614577553,143474
1896,1614579544,144221
1897,1614580330,143495
1898,1614580650,142762
1899,1614585365,143538
1900,1614585719,144284
1901,1614587028,145085
1902,1614587155,145834
1903,1614587254,146079
1904,1614587639,146867
1905,1614588368,146120
1906,1614589286,146884
1907,1614589572,147622
1908,1614589784,148453
1909,1614589871,149248
1910,1614590362,150067
1911,1614590571,149197
1912,1614590732,149965
1913,1614591747,150774
1914,1614592306,149910
1915,1614592942,150808
1916,1614593056,149918
1917,1614593509,150832
1918,1614593637,151809
1919,1614594437,150928
1920,1614595239,151739
1921,1614595437,152500
1922,1614596765,152385
1923,1614598359,151520
1924,1614598723,152287
1925,1614600037,153137
1926,1614600525,152340
1927,1614601500,151543
1928,1614602648,152470
1929,1614603009,153408
1930,1614607174,152632
1931,1614607330,151688
1932,1614607568,152548
1933,1614609172,153350
1934,1614610332,152530
1935,1614610969,153336
1936,1614611785,154270
1937,1614612563,155249
1938,1614613866,154355
1939,1614614389,155193
1940,1614614600,156164
1941,1614614670,155260
1942,1614614984,154295
1943,1614615741,155181
1944,1614616336,154366
1945,1614617021,153386
1946,1614617800,154361
1947,1614618753,153505
1948,1614620827,152672
1949,1614621409,151863
1950,1614621706,152641
1951,1614622744,151825
1952,1614624445,152635
1953,1614626431,151777
1954,1614627638,151018
1955,1614628235,152036
1956,1614628776,151208
1957,1614628910,152029
1958,1614630569,151128
1959,1614632366,151924
1960,1614635284,152782
1961,1614635551,153559
1962,1614635682,154399
1963,1614636417,153591
1964,1614637848,154385
1965,1614638479,155248
1966,1614641109,156054
1967,1614641736,155236
1968,1614642406,156100
1969,1614642784,156930
1970,1614643592,157731
1971,1614644018,158533
1972,1614644382,159382
1973,1614644984,160209
1974,1614645213,159350
1975,1614645231,158390
1976,1614646086,157515
1977,1614646154,156727
1978,1614646919,155924
1979,1614647073,155126
1980,1614647271,156000
1981,1614647721,155162
1982,1614647851,154288
1983,1614648162,155274
1984,1614648650,154416
1985,1614648850,155404
1986,1614649364,156197
1987,1614650633,155156
1988,1614650945,156184
1989,1614651238,157061
1990,1614651814,156164
1991,1614652075,157081
1992,1614652420,158126
1993,1614653800,157245
1994,1614654081,156310
1995,1614654556,157099
1996,1614655144,156299
1997,1614655543,155473
1998,1614657785,156291
1999,1614658673,155483
2000,1614659848,156267
2001,1614660456,157069
2002,1614662005,157944
2003,1614662757,157072
2004,1614664254,156266
2005,1614664877,155467
2006,1614665210,154647
2007,1614665882,153536
2008,1614666162,154316
2009,1614666655,155159
2010,1614666923,154252
2011,1614667326,155103
2012,1614667867,154299
2013,1614669294,153379
2014,1614669782,154219
2015,1614672998,155146
2016,1614673756,156086
2017,1614676014,156949
2018,1614679031,156117
2019,1614681121,156959
2020,1614682075,156086
2021,1614682707,155257
2022,1614684629,156345
2023,1614686686,157248
2024,1614687025,156436
2025,1614688312,155635
2026,1614690111,156432
2027,1614691758,157279
2028,1614692826,156470
2029,1614693077,157254
2030,1614694190,158106
2031,1614694940,158966
2032,1614696005,158130
2033,1614696580,157106
2034,1614698041,156259
2035,1614698586,155228
2036,1614701044,154239
2037,1614701622,155078
2038,1614702576,155858
2039,1614702996,154937
2040,1614703149,154091
2041,1614703365,153220
2042,1614703374,152273
2043,1614703517,151472
2044,1614703586,152235
2045,1614703799,151410
2046,1614704203,150266
2047,1614704298,149348
2048,1614704473,148532
2049,1614704583,149579
2050,1614704726,150398
2051,1614704979,149578
2052,1614705102,148707
2053,1614705186,149749
2054,1614705398,150719
2055,1614705703,149885
2056,1614706022,150661
2057,1614708883,151525
2058,1614709168,150677
2059,1614710474,149900
2060,1614711988,149033
2061,1614712063,148283
2062,1614712138,147464
2063,1614712670,148238
2064,1614713508,149153
2065,1614715170,148249
2066,1614715218,147187
2067,1614715463,146327
2068,1614715672,147100
2069,1614716138,146351
2070,1614716304,147110
2071,1614716638,146200
2072,1614716789,147097
2073,1614716849,146351
2074,1614717029,147320
2075,1614717338,146559
2076,1614718094,145794
2077,1614718366,146783
2078,1614719914,147595
2079,1614720445,146738
2080,1614720814,145990
2081,1614721379,146829
2082,1614721511,146018
2083,1614721628,146757
2084,1614723168,147498
2085,1614723874,148274
2086,1614724111,147519
2087,1614724928,148473
2088,1614726653,149303
2089,1614727732,148461
2090,1614728453,149217
2091,1614728802,148432
2092,1614730022,147656
2093,1614730395,148466
2094,1614730543,149308
2095,1614730920,150092
2096,1614733846,150846
2097,1614734715,151645
2098,1614735129,150859
2099,1614736514,151625
2100,1614736806,152453
2101,1614737186,151684
2102,1614737694,152569
2103,1614737809,151580
2104,1614739425,152388
2105,1614739819,151571
2106,1614740555,152372
2107,1614741760,151599
2108,1614744025,152407
2109,1614744232,153172
2110,1614744500,153971
2111,1614744895,154790
2112,1614745582,154010
2113,1614748298,154835
2114,1614750298,154006
2115,1614751235,154898
2116,1614751595,155690
2117,1614754618,156474
2118,1614757304,157378
2119,1614758340,156489
2120,1614758502,157422
2121,1614759491,158255
2122,1614759786,159296
2123,1614761254,158389
2124,1614761765,159263
2125,1614763483,160247
2126,1614763670,161100
2127,1614763985,160277
2128,1614765617,161106
2129,1614766791,160217
2130,1614766885,159334
2131,1614767389,160299
2132,1614767528,161115
2133,1614768216,160301
2134,1614771539,159485
2135,1614772571,160315
2136,1614774811,161422
2137,1614775002,162542
2138,1614775105,163397
2139,1614775223,164216
2140,1614775660,165223
2141,1614775912,164352
2142,1614776930,163443
2143,1614777211,162490
2144,1614778489,161505
2145,1614778930,160300
2146,1614779319,161238
2147,1614780156,160390
2148,1614780552,159569
2149,1614780949,158537
2150,1614781606,159443
2151,1614781930,160368
2152,1614782282,159471
2153,1614783934,160315
2154,1614784275,159500
2155,1614786694,158700
2156,1614787091,159570
2157,1614787265,160679
2158,1614787590,161675
2159,1614787870,160807
2160,1614789032,161634
2161,1614789455,160744
2162,1614790357,161617
2163,1614791212,162540
2164,1614792178,163399
2165,1614792711,162506
2166,1614792795,161446
2167,1614793677,162289
2168,1614794724,163163
2169,1614796228,162343
2170,1614797256,161499
2171,1614798561,160501
2172,1614798767,159643
2173,1614799158,158780
2174,1614799626,159620
2175,1614800742,160471
2176,1614801034,161422
2177,1614801389,160590
2178,1614803131,159779
2179,1614804593,158783
2180,1614804647,157931
2181,1614805812,157121
2182,1614806481,158064
2183,1614807052,158928
2184,1614807984,159785
2185,1614808891,158424
2186,1614809138,159243
2187,1614809565,160108
2188,1614810104,159223
2189,1614812064,158363
2190,1614813353,159166
2191,1614814722,158297
2192,1614815718,157491
2193,1614816078,156570
2194,1614816451,155694
2195,1614816817,156680
2196,1614816998,157578
2197,1614818084,158597
2198,1614819116,159494
2199,1614819970,158696
2200,1614820218,159540
2201,1614820429,160480
2202,1614821714,161508
2203,1614823710,162355
2204,1614824545,161522
2205,1614825495,160714
2206,1614826747,159883
2207,1614828000,158963
2208,1614828290,158046
2209,1614828771,157143
2210,1614829318,156212
2211,1614829549,157218
2212,1614829713,156301
2213,1614829875,155459
2214,1614830915,156250
2215,1614831324,155417
2216,1614831379,156199
2217,1614831785,155355
2218,1614832090,156180
2219,1614832535,155378
2220,1614833090,154544
2221,1614833283,153741
2222,1614833511,154544
2223,1614833883,153555
2224,1614834055,154336
2225,1614836010,155266
2226,1614836813,156079
2227,1614838950,155145
2228,1614839054,155924
2229,1614840389,154980
2230,1614841340,155787
2231,1614842331,156597
2232,1614842618,155807
2233,1614844958,157157
2234,1614845046,158104
2235,1614847786,157200
2236,1614849300,156350
2237,1614849475,155551
2238,1614849527,154687
2239,1614849896,153672
2240,1614850397,154479
2241,1614851330,153581
2242,1614851633,154395
2243,1614852277,156100
2244,1614852622,155147
2245,1614852814,154292
2246,1614853263,155182
2247,1614853793,154345
2248,1614853896,155222
2249,1614855504,155999
2250,1614857193,155123
2251,1614857858,155903
2252,1614859303,156905
2253,1614859441,156056
2254,1614860305,157056
2255,1614861154,156242
2256,1614863044,155165
2257,1614863811,156078
2258,1614864168,155179
2259,1614864444,156043
2260,1614865621,156866
2261,1614866806,156058
2262,1614867204,156845
2263,1614867395,157864
2264,1614868522,159093
2265,1614868542,160081
2266,1614868894,159008
2267,1614869343,158159
2268,1614869428,157357
2269,1614870130,156527
2270,1614870167,157380
2271,1614870272,156571
2272,1614871141,155730
2273,1614872136,156565
2274,1614872814,157519
2275,1614873785,158433
2276,1614874160,157412
2277,1614874859,158240
2278,1614875423,159086
2279,1614877930,158000
2280,1614878271,158857
2281,1614878441,159792
2282,1614878496,158969
2283,1614878868,158172
2284,1614879168,157301
2285,1614879597,158102
2286,1614879977,157167
2287,1614880506,156191
2288,1614881186,155392
2289,1614881518,154593
2290,1614883407,153795
2291,1614883572,152954
2292,1614883694,152100
2293,1614883961,151163
2294,1614884723,152267
2295,1614885146,153126
2296,1614886279,152299
2297,1614886754,153295
2298,1614888058,152410
2299,1614888577,151367
2300,1614889044,152352
2301,1614889440,151406
2302,1614889731,152293
2303,1614890668,153057
2304,1614894215,152232
2305,1614894916,151319
2306,1614895360,152101
2307,1614895607,151246
2308,1614895650,152075
2309,1614897332,152997
2310,1614899988,153798
2311,1614902575,152909
2312,1614902674,152051
2313,1614902993,151227
2314,1614903319,150355
2315,1614903770,149503
2316,1614904616,148544
2317,1614905416,147655
2318,1614906425,146848
2319,1614909689,145992
2320,1614909921,145248
2321,1614910493,146057
2322,1614910678,146981
2323,1614912907,147724
2324,1614918035,146964
2325,1614918384,147787
2326,1614919023,148568
2327,1614920070,147815
2328,1614920300,147046
2329,1614920498,146284
2330,1614920647,147071
2331,1614920978,147851
2332,1614921420,147057
2333,1614924364,147795
2334,1614927999,148616
2335,1614928631,147841
2336,1614929930,147068
2337,1614931143,147961
2338,1614931271,147216
2339,1614931915,146448
2340,1614932231,145713
2341,1614933019,144907
2342,1614933994,145875
2343,1614936148,146653
2344,1614938560,147472
2345,1614939803,146729
2346,1614941836,147491
2347,1614945730,148420
2348,1614946418,147556
2349,1614946936,146759
2350,1614947939,147532
2351,1614948212,148619
2352,1614948575,147796
2353,1614948980,148537
2354,1614950817,149314
2355,1614951166,148447
2356,1614951335,147634
2357,1614951899,148709
2358,1614952982,149514
2359,1614953750,150300
2360,1614954478,151169
2361,1614954970,150400
2362,1614955887,149575
2363,1614956051,148799
2364,1614956413,149592
2365,1614956852,150468
2366,1614957185,149650
2367,1614957514,150434
2368,1614957662,149624
2369,1614958595,148815
2370,1614960006,147622
2371,1614961394,146799
2372,1614961533,145947
2373,1614961842,144882
2374,1614961861,145752
2375,1614962241,146565
2376,1614962706,147592
2377,1614963037,146840
2378,1614963514,147859
2379,1614963882,148797
2380,1614964039,148041
2381,1614964556,148858
2382,1614965116,149733
2383,1614966428,150592
2384,1614967259,151520
2385,1614967354,150749
2386,1614968046,151730
2387,1614968428,152519
2388,1614969154,151638
2389,1614969646,152429
2390,1614970611,151611
2391,1614972175,152381
2392,1614972366,153600
2393,1614972753,152817
2394,1614974142,153676
2395,1614975002,152807
2396,1614976238,153611
2397,1614977337,152627
2398,1614978014,153473
2399,1614978226,154268
2400,1614979035,153426
2401,1614981770,154256
2402,1614983532,153396
2403,1614984052,154214
2404,1614985616,153413
2405,1614985722,153057
2406,1614989042,153863
2407,1614990444,154672
2408,1614991755,153848
2409,1614994498,153032
2410,1614995198,153809
2411,1615001527,152941
2412,1615004561,152048
2413,1615005697,152878
2414,1615008700,153700
2415,1615008759,154490
2416,1615008878,155313
2417,1615009129,156138
2418,1615010255,156940
2419,1615010437,157789
2420,1615010637,158624
2421,1615011648,157751
2422,1615015215,158570
2423,1615017778,159410
2424,1615019522,158584
2425,1615020193,157658
2426,1615023760,156857
2427,1615030639,156071
2428,1615032305,155182
2429,1615032863,154400
2430,1615034399,155199
2431,1615035232,154390
2432,1615035457,153523
2433,1615035860,154324
2434,1615036139,153489
2435,1615036567,152526
2436,1615037199,151554
2437,1615037470,152447
2438,1615038865,153233
2439,1615039681,154070
2440,1615043533,154943
2441,1615043815,154054
2442,1615044981,154849
2443,1615045413,155667
2444,1615046069,154880
2445,1615046606,155812
2446,1615046924,156600
2447,1615047304,157469
2448,1615047386,158277
2449,1615048742,157479
2450,1615050106,158619
2451,1615051531,159445
2452,1615051957,160320
2453,1615052821,159460
2454,1615053603,160285
2455,1615053958,161331
2456,1615059173,162301
2457,1615060947,163140
2458,1615061697,163968
2459,1615062661,164801
2460,1615063537,163927
2461,1615064238,164925
2462,1615064467,165900
2463,1615064647,166740
2464,1615065012,165696
2465,1615065321,164818
2466,1615065569,163790
2467,1615065838,164641
2468,1615068939,163788
2469,1615069399,164727
2470,1615069872,165740
2471,1615070087,166679
2472,1615072333,165701
2473,1615074210,166547
2474,1615074602,165686
2475,1615075123,164683
2476,1615075270,165563
2477,1615075359,166438
2478,1615075914,167302
2479,1615076357,168153
2480,1615077548,167272
2481,1615077809,166429
2482,1615078813,167300
2483,1615079819,166416
2484,1615081204,167274
2485,1615081723,166322
2486,1615081938,165409
2487,1615082325,164202
2488,1615083121,165083
2489,1615083484,166022
2490,1615086804,165186
2491,1615089361,164255
2492,1615089605,165124
2493,1615091038,165966
2494,1615091095,165056
2495,1615091734,165968
2496,1615093344,165126
2497,1615095517,166271
2498,1615097209,165399
2499,1615098905,166246
2500,1615102161,167295
2501,1615102242,168172
2502,1615102539,167322
2503,1615103812,168160
2504,1615104423,169070
2505,1615104883,168152
2506,1615106898,167254
2507,1615108974,168159
2508,1615109671,167287
2509,1615109902,168350
2510,1615113560,167469
2511,1615115093,166606
2512,1615116479,167498
2513,1615119631,166601
2514,1615123151,165762
2515,1615124700,166663
2516,1615125771,165653
2517,1615125932,166800
2518,1615126132,167655
2519,1615126364,166810
2520,1615126544,165914
2521,1615126834,164956
2522,1615127055,163975
2523,1615127174,163038
2524,1615127198,163857
2525,1615127597,164764
2526,1615129643,163857
2527,1615129816,164709
2528,1615131686,163700
2529,1615132237,164577
2530,1615132874,165634
2531,1615133355,166523
2532,1615135554,167365
2533,1615136602,166453
2534,1615138553,167300
2535,1615141667,166422
2536,1615143506,165570
2537,1615143776,164711
2538,1615145476,165639
2539,1615147441,164528
2540,1615147795,163675
2541,1615149328,164683
2542,1615152048,165677
2543,1615153243,166545
2544,1615156033,167398
2545,1615156656,168273
2546,1615158658,169233
2547,1615159576,170215
2548,1615159672,171084
2549,1615160067,171941
2550,1615160446,172839
2551,1615161778,173704
2552,1615163643,174769
2553,1615164511,173810
2554,1615165577,174760
2555,1615166931,173808
2556,1615169166,172808
2557,1615170509,171834
2558,1615172809,172732
2559,1615173157,171798
2560,1615174010,172665
2561,1615174255,171702
2562,1615178794,172690
2563,1615179700,173646
2564,1615180104,174745
2565,1615180486,173625
2566,1615181654,174582
2567,1615184644,173376
2568,1615185860,172313
2569,1615187532,171201
2570,1615187800,170190
2571,1615187993,169197
2572,1615188456,170050
2573,1615189118,169002
2574,1615191192,168098
2575,1615191341,167010
2576,1615191645,167882
2577,1615194055,168771
2578,1615195048,167799
2579,1615196672,168870
2580,1615198684,169880
2581,1615199415,170885
2582,1615199861,171897
2583,1615200630,171009
2584,1615203358,171899
2585,1615205784,172829
2586,1615206328,171952
2587,1615207642,170996
2588,1615208673,171868
2589,1615209713,172886
2590,1615214167,171831
2591,1615214478,172778
2592,1615214592,173699
2593,1615214804,174699
2594,1615214988,173589
2595,1615215816,172442
2596,1615216114,173318
2597,1615216454,174344
2598,1615219678,173228
2599,1615221900,172349
2600,1615223373,173352
2601,1615224130,172477
2602,1615224360,173370
2603,1615227524,174280
2604,1615230832,175221
2605,1615231033,176401
2606,1615232014,177330
2607,1615238046,178309
2608,1615241358,179311
2609,1615242301,178101
2610,1615242490,177167
2611,1615242788,178142
2612,1615244506,179067
2613,1615245277,179967
2614,1615245483,180897
2615,1615246328,181854
2616,1615246944,182894
2617,1615247776,183828
2618,1615248519,182734
2619,1615249243,181596
2620,1615251803,182575
2621,1615252874,183634
2622,1615253587,184557
2623,1615253823,185500
2624,1615254329,184468
2625,1615255853,183538
2626,1615257011,184518
2627,1615257173,183576
2628,1615258816,184554
2629,1615259008,185491
2630,1615259176,184558
2631,1615260681,185571
2632,1615262121,184614
2633,1615262901,183653
2634,1615263306,182643
2635,1615263598,183628
2636,1615265301,184609
2637,1615265904,183612
2638,1615266396,184600
2639,1615267987,183659
2640,1615269955,184610
2641,1615271173,183600
2642,1615273424,182640
2643,1615273612,181704
2644,1615274082,182664
2645,1615275379,181650
2646,1615276003,182588
2647,1615276594,181466
2648,1615278198,182471
2649,1615280199,183539
2650,1615281506,182524
2651,1615282396,183462
2652,1615285828,182531
2653,1615286292,181443
2654,1615287025,182363
2655,1615293263,181432
2656,1615294435,180285
2657,1615295135,181231
2658,1615296032,182141
2659,1615297423,183212
2660,1615302648,181985
2661,1615305537,182926
2662,1615305718,183899
2663,1615306224,182694
2664,1615306509,181626
2665,1615306759,182585
2666,1615307766,183521
2667,1615311121,182534
2668,1615312158,181600
2669,1615317797,182543
2670,1615321658,183498
2671,1615325221,182544
2672,1615329953,183495
2673,1615330677,184497
2674,1615332374,185423
2675,1615332515,186413
2676,1615334501,187463
2677,1615334778,186371
2678,1615335524,187588
2679,1615335861,186608
2680,1615337169,187547
2681,1615338667,186600
2682,1615339588,185559
2683,1615340071,184601
2684,1615340267,183576
2685,1615340667,182605
2686,1615341744,181341
2687,1615341824,180343
2688,1615341944,181280
2689,1615342017,180321
2690,1615342191,179387
2691,1615342249,178052
2692,1615342342,179189
2693,1615342652,180100
2694,1615343536,179006
2695,1615343603,179925
2696,1615345831,178766
2697,1615346286,177696
2698,1615346600,178598
2699,1615347781,177641
2700,1615347917,176717
2701,1615348774,177672
2702,1615349118,176735
2703,1615349231,177725
2704,1615350181,178621
2705,1615350633,177592
2706,1615350782,178481
2707,1615352010,179450
2708,1615353233,178520
2709,1615353361,179423
2710,1615353959,180403
2711,1615361142,181353
2712,1615363379,180409
2713,1615363727,181444
2714,1615366661,182387
2715,1615367646,181336
2716,1615368503,182444
2717,1615368744,183374
2718,1615371296,182402
2719,1615374076,181352
2720,1615374279,180396
2721,1615374564,181299
2722,1615377744,182371